{"cameraMode":{"drawMode":0,"name":"Shaded","section":"Shading Mode"},"sceneLighting":true,"audioPlay":false,"sceneViewState":{"showFog":true,"showMaterialUpdate":false,"showSkybox":true,"showFlares":true,"showImageEffects":true,"showParticleSystems":true},"in2DMode":false,"pivot":{"x":401.56085205078127,"y":210.60992431640626,"z":69.59739685058594},"rotation":{"x":-0.06715955585241318,"y":0.005088438745588064,"z":-0.00034196418710052967,"w":-0.9977417588233948},"size":176.1153106689453,"orthographic":false}