{"cameraMode":{"drawMode":0,"name":"Shaded","section":"Shading Mode"},"sceneLighting":true,"audioPlay":false,"sceneViewState":{"showFog":true,"showMaterialUpdate":false,"showSkybox":true,"showFlares":true,"showImageEffects":true,"showParticleSystems":true},"in2DMode":false,"pivot":{"x":242.03872680664063,"y":147.46441650390626,"z":347.78814697265627},"rotation":{"x":-0.021307509392499925,"y":-0.006901358719915152,"z":0.00014734093565493822,"w":-0.9997515082359314},"size":255.4157257080078,"orthographic":false}